Workbook

Sheet Data
A1: ID | B1: Name | C1: Phone Number | D1: Country | E1: Month | F1: Lead Source | G1: Status | H1: Priority | I1: Notes
A2: 1 | B2: Anwar Randhawa | C2: +923331319016 | D2: Pakistan | E2: August 2026 | F2: Facebook Ads | G2: New
A3: 2 | B3: Rebecca | C3: +923333087066 | D3: Pakistan | E3: August 2026 | F3: Facebook Ads | G3: New
A4: 3 | B4: Hamza | C4: +923085174539 | D4: Pakistan | E4: August 2026 | F4: Facebook Ads | G4: New
A5: 4 | B5: Unknown | C5: +923218494009 | D5: Pakistan | E5: August 2026 | F5: Facebook Ads | G5: New
A6: 5 | B6: Abu Saad | C6: +966536555006 | D6: Saudi Arabia | E6: August 2026 | F6: Facebook Ads | G6: New
A7: 6 | B7: Muhammad Jamshaid Khan | C7: +923004386596 | D7: Pakistan | E7: August 2026 | F7: Facebook Ads | G7: New
A8: 7 | B8: Unknown | C8: +923264795877 | D8: Pakistan | E8: August 2026 | F8: Facebook Ads | G8: New
A9: 8 | B9: Qaiser Hussain | C9: +923079869866 | D9: Pakistan | E9: August 2026 | F9: Facebook Ads | G9: New
A10: 9 | B10: Wasif Gulzar | C10: +923004828096 | D10: Pakistan | E10: August 2026 | F10: Facebook Ads | G10: New
A11: 10 | B11: Ali | C11: +971554310777 | D11: UAE | E11: August 2026 | F11: Facebook Ads | G11: New
A12: 11 | B12: Fahad Abbas | C12: +923316928188 | D12: Pakistan | E12: August 2026 | F12: Facebook Ads | G12: New
A13: 12 | B13: Iftikhar Nawaz Khan | C13: +923456365857 | D13: Pakistan | E13: August 2026 | F13: Facebook Ads | G13: New
... A35: 34 | B35: Nadeem Bhatti | C35: +966595127253 | D35: Saudi Arabia | E35: August 2026 | F35: Facebook Ads | G35: New
A38: Legend
A39: Yellow | B39: editable fields — use the dropdown for Status / Lead Source / Priority
A40: Only 34 leads had data in the file you uploaded (all logged under August 2026). September and October tabs were empty.

Sheet Dashboard
B1: NM ASSOCIATES | LEAD GENERATION CRM DASHBOARD
B3: Data source: Meta (Facebook/Instagram) ads lead generation • Auto-refreshes from the Data sheet
H4: Filter by Country: | J4: All
B6: LEADS SELECTED | C6: CONVERTED | D6: IN PROGRESS | E6: CONVERSION RATE | F6: TOP COUNTRY
B7: =IF($J$4="All",COUNTA(Data!$B$2:$B$35),COUNTIF(Data!$D$2:$D$35,$J$4)) -> 34 | C7: =IF($J$4="All",COUNTIF(Data!$G$2:$G$35,"Converted"),COUNTIFS(Data!$G$2:$G$35,"Converted",Data!$D$2:$D$35,$J$4)) -> 0 | D7: =IF($J$4="All",COUNTIFS(Data!$G$2:$G$35,"<>Converted",Data!$G$2:$G$35,"<>Not Interested",Data!$G$2:$G$35,"<>Lost",Data!$G$2:$G$35,"<>"),COUNTIFS(Data!$G$2:$G$35,"<>Converted",Data!$G$2:$G$35,"<>Not Interested",Data!$G$2:$G$35,"<>Lost",Data!$G$2:$G$35,"<>",Data!$D$2:$D$35,$J$4)) -> 34 | E7: =IFERROR(J7/H7,0) -> 0 | F7: =INDEX(Data!$D$2:$D$35,MATCH(MAX(COUNTIF(Data!$D$2:$D$35,Data!$D$2:$D$35)),COUNTIF(Data!$D$2:$D$35,Data!$D$2:$D$35),0)) -> Pakistan
B10: Pipeline Status (filtered) | E10: Leads by Country | H10: Leads by Source
B11: New | C11: =IF($J$4="All",COUNTIF(Data!$G$2:$G$35,B11),COUNTIFS(Data!$G$2:$G$35,B11,Data!$D$2:$D$35,$J$4)) -> 34 | E11: Pakistan | F11: =COUNTIF(Data!$D$2:$D$35,E11) -> 23 | H11: Facebook Ads | I11: =COUNTIF(Data!$F$2:$F$35,H11) -> 34
B12: Contacted | C12: =IF($J$4="All",COUNTIF(Data!$G$2:$G$35,B12),COUNTIFS(Data!$G$2:$G$35,B12,Data!$D$2:$D$35,$J$4)) -> 0 | E12: Saudi Arabia | F12: =COUNTIF(Data!$D$2:$D$35,E12) -> 7 | H12: Instagram Ads | I12: =COUNTIF(Data!$F$2:$F$35,H12) -> 0
B13: Follow-up | C13: =IF($J$4="All",COUNTIF(Data!$G$2:$G$35,B13),COUNTIFS(Data!$G$2:$G$35,B13,Data!$D$2:$D$35,$J$4)) -> 0 | E13: UAE | F13: =COUNTIF(Data!$D$2:$D$35,E13) -> 3 | H13: WhatsApp | I13: =COUNTIF(Data!$F$2:$F$35,H13) -> 0
B14: Interested | C14: =IF($J$4="All",COUNTIF(Data!$G$2:$G$35,B14),COUNTIFS(Data!$G$2:$G$35,B14,Data!$D$2:$D$35,$J$4)) -> 0 | E14: UK | F14: =COUNTIF(Data!$D$2:$D$35,E14) -> 1 | H14: Referral | I14: =COUNTIF(Data!$F$2:$F$35,H14) -> 0
B15: Converted | C15: =IF($J$4="All",COUNTIF(Data!$G$2:$G$35,B15),COUNTIFS(Data!$G$2:$G$35,B15,Data!$D$2:$D$35,$J$4)) -> 0 | H15: Other | I15: =COUNTIF(Data!$F$2:$F$35,H15) -> 0
B16: Not Interested | C16: =IF($J$4="All",COUNTIF(Data!$G$2:$G$35,B16),COUNTIFS(Data!$G$2:$G$35,B16,Data!$D$2:$D$35,$J$4)) -> 0
B17: Lost | C17: =IF($J$4="All",COUNTIF(Data!$G$2:$G$35,B17),COUNTIFS(Data!$G$2:$G$35,B17,Data!$D$2:$D$35,$J$4)) -> 0
F36: Country × Status Heatmap
F37: Country | G37: New | H37: Contacted | I37: Follow-up | J37: Interested | K37: Converted | L37: Not Interested | M37: Lost
F38: Pakistan | G38: =COUNTIFS(Data!$D$2:$D$35,$F38,Data!$G$2:$G$35,G$37) -> 23 | H38: =COUNTIFS(Data!$D$2:$D$35,$F38,Data!$G$2:$G$35,H$37) -> 0 | I38: =COUNTIFS(Data!$D$2:$D$35,$F38,Data!$G$2:$G$35,I$37) -> 0 | J38: =COUNTIFS(Data!$D$2:$D$35,$F38,Data!$G$2:$G$35,J$37) -> 0 | K38: =COUNTIFS(Data!$D$2:$D$35,$F38,Data!$G$2:$G$35,K$37) -> 0 | L38: =COUNTIFS(Data!$D$2:$D$35,$F38,Data!$G$2:$G$35,L$37) -> 0 | M38: =COUNTIFS(Data!$D$2:$D$35,$F38,Data!$G$2:$G$35,M$37) -> 0
F39: Saudi Arabia | G39: =COUNTIFS(Data!$D$2:$D$35,$F39,Data!$G$2:$G$35,G$37) -> 7 | H39: =COUNTIFS(Data!$D$2:$D$35,$F39,Data!$G$2:$G$35,H$37) -> 0 | I39: =COUNTIFS(Data!$D$2:$D$35,$F39,Data!$G$2:$G$35,I$37) -> 0 | J39: =COUNTIFS(Data!$D$2:$D$35,$F39,Data!$G$2:$G$35,J$37) -> 0 | K39: =COUNTIFS(Data!$D$2:$D$35,$F39,Data!$G$2:$G$35,K$37) -> 0 | L39: =COUNTIFS(Data!$D$2:$D$35,$F39,Data!$G$2:$G$35,L$37) -> 0 | M39: =COUNTIFS(Data!$D$2:$D$35,$F39,Data!$G$2:$G$35,M$37) -> 0
F40: UAE | G40: =COUNTIFS(Data!$D$2:$D$35,$F40,Data!$G$2:$G$35,G$37) -> 3 | H40: =COUNTIFS(Data!$D$2:$D$35,$F40,Data!$G$2:$G$35,H$37) -> 0 | I40: =COUNTIFS(Data!$D$2:$D$35,$F40,Data!$G$2:$G$35,I$37) -> 0 | J40: =COUNTIFS(Data!$D$2:$D$35,$F40,Data!$G$2:$G$35,J$37) -> 0 | K40: =COUNTIFS(Data!$D$2:$D$35,$F40,Data!$G$2:$G$35,K$37) -> 0 | L40: =COUNTIFS(Data!$D$2:$D$35,$F40,Data!$G$2:$G$35,L$37) -> 0 | M40: =COUNTIFS(Data!$D$2:$D$35,$F40,Data!$G$2:$G$35,M$37) -> 0
F41: UK | G41: =COUNTIFS(Data!$D$2:$D$35,$F41,Data!$G$2:$G$35,G$37) -> 1 | H41: =COUNTIFS(Data!$D$2:$D$35,$F41,Data!$G$2:$G$35,H$37) -> 0 | I41: =COUNTIFS(Data!$D$2:$D$35,$F41,Data!$G$2:$G$35,I$37) -> 0 | J41: =COUNTIFS(Data!$D$2:$D$35,$F41,Data!$G$2:$G$35,J$37) -> 0 | K41: =COUNTIFS(Data!$D$2:$D$35,$F41,Data!$G$2:$G$35,K$37) -> 0 | L41: =COUNTIFS(Data!$D$2:$D$35,$F41,Data!$G$2:$G$35,L$37) -> 0 | M41: =COUNTIFS(Data!$D$2:$D$35,$F41,Data!$G$2:$G$35,M$37) -> 0

Sheet Team Referrals
B1: TEAM REFERRAL TRACKER — NM ASSOCIATES
B3: Every client referred to a team member, logged in one place — so the client can get a status update anytime.
B5: Referrals by Team Member
B6: Faheem | C6: =COUNTIF($D$15:$D$44,B6) -> 0
B7: Usman | C7: =COUNTIF($D$15:$D$44,B7) -> 0
B8: Ahmad Abbas | C8: =COUNTIF($D$15:$D$44,B8) -> 0
B9: Abdul Mannan Bhatti | C9: =COUNTIF($D$15:$D$44,B9) -> 0
B10: Me / [Your Name] | C10: =COUNTIF($D$15:$D$44,B10) -> 0
B14: Ref # | C14: Date Referred | D14: Referred To (Team Member) | E14: Client Name | F14: Client Phone Number | G14: Client Requirement / Details | H14: Status | I14: Last Update Date | J14: Update / Notes from Member
B15: 1
B16: 2
B17: 3
B18: 4
B19: 5
B20: 6
B21: 7
B22: 8
B23: 9
B24: 10
B25: 11
B26: 12
... B44: 30
B47: How to use
B48: 1. Whenever you refer a client to a team member, add one row: date, who you referred it to, client name, number, and what they need.
B49: 2. The team member updates Status and adds a short note whenever they follow up — the client (or you) can check this sheet anytime for the latest update.
B50: 3. Replace "Me / [Your Name]" in the dropdown list with your actual name (Data Validation on column D) so it shows correctly.
B51: 4. The chart and summary at the top update automatically as you fill in rows.
